Workbook

Sheet Resumen
A1: Reporte de desempeño – Tienda en Mercado Libre
A2: Junio a noviembre de 2025 · Importes en pesos argentinos
A4: Ventas totales | C4: Conversión promedio | E4: ACOS del período | G4: Ventas por $ de publicidad
A5: =Datos!B10 -> 132267670 | C5: =Datos!F10 -> 0.030254297 | E5: =Datos!G10 -> 0.17638282 | G5: =Datos!I10 -> 5.6694863
A7: Cómo evolucionó: primer mes vs. último mes
A8: Indicador | B8: Junio | C8: Noviembre | D8: Variación
A9: Ventas ($) | B9: =Datos!B4 -> 18420300 | C9: =Datos!B9 -> 25601200 | D9: =IFERROR(C9/B9-1,0) -> 0.38983621
A10: Unidades | B10: =Datos!C4 -> 1402 | C10: =Datos!C9 -> 1846 | D10: =IFERROR(C10/B10-1,0) -> 0.31669044
A11: Visitas | B11: =Datos!D4 -> 48210 | C11: =Datos!D9 -> 59980 | D11: =IFERROR(C11/B11-1,0) -> 0.24414022
A12: Publicidad ($) | B12: =Datos!E4 -> 5526090 | C12: =Datos!E9 -> 3072144 | D12: =IFERROR(C12/B12-1,0) -> -0.44406551
A13: Conversión | B13: =Datos!F4 -> 0.029081104 | C13: =Datos!F9 -> 0.030776926 | D13: =(C13-B13)*100 -> 0.16958221
A14: ACOS | B14: =Datos!G4 -> 0.3 | C14: =Datos!G9 -> 0.12 | D14: =(C14-B14)*100 -> -18
A15: Ticket promedio ($) | B15: =Datos!H4 -> 13138.588 | C15: =Datos!H9 -> 13868.472 | D15: =IFERROR(C15/B15-1,0) -> 0.055552747
A17: pp = puntos porcentuales.
A19: Lo más importante
A20: • Las ventas crecieron cerca de 39% entre junio y noviembre, mes a mes sin ninguna caída.
A21: • El ACOS bajó de 30% a 12%: hoy se gasta $12 en publicidad por cada $100 vendidos, contra $30 en junio.
A22: • Se invirtió 44% menos en publicidad y aun así se vendió más: el crecimiento no dependió de gastar más.
A23: • La conversión mejoró de 2,91% a 3,08% (máximo de 3,10% en octubre); noviembre se mantuvo estable.
A24: • Las visitas subieron 24%, el ticket promedio se mantuvo en torno a $13.000–$13.900.

Sheet Datos
A1: Datos mensuales y métricas calculadas
A3: Mes | B3: Ventas ($) | C3: Unidades | D3: Visitas | E3: Publicidad ($) | F3: Conversión | G3: ACOS | H3: Ticket promedio ($) | I3: Ventas por $ de publicidad (ROAS)
A4: Junio 2025 | B4: 18420300 | C4: 1402 | D4: 48210 | E4: 5526090 | F4: =IFERROR(C4/D4,0) -> 0.029081104 | G4: =IFERROR(E4/B4,0) -> 0.3 | H4: =IFERROR(B4/C4,0) -> 13138.588 | I4: =IFERROR(B4/E4,0) -> 3.3333333
A5: Julio 2025 | B5: 19880150 | C5: 1511 | D5: 51390 | E5: 4771236 | F5: =IFERROR(C5/D5,0) -> 0.029402608 | G5: =IFERROR(E5/B5,0) -> 0.24 | H5: =IFERROR(B5/C5,0) -> 13156.949 | I5: =IFERROR(B5/E5,0) -> 4.1666667
A6: Agosto 2025 | B6: 21104700 | C6: 1590 | D6: 52870 | E6: 3587799 | F6: =IFERROR(C6/D6,0) -> 0.030073766 | G6: =IFERROR(E6/B6,0) -> 0.17 | H6: =IFERROR(B6/C6,0) -> 13273.396 | I6: =IFERROR(B6/E6,0) -> 5.8823529
A7: Septiembre 2025 | B7: 22950420 | C7: 1702 | D7: 55120 | E7: 3212059 | F7: =IFERROR(C7/D7,0) -> 0.030878084 | G7: =IFERROR(E7/B7,0) -> 0.13995644 | H7: =IFERROR(B7/C7,0) -> 13484.383 | I7: =IFERROR(B7/E7,0) -> 7.1450805
A8: Octubre 2025 | B8: 24310900 | C8: 1788 | D8: 57640 | E8: 3160417 | F8: =IFERROR(C8/D8,0) -> 0.031020125 | G8: =IFERROR(E8/B8,0) -> 0.13 | H8: =IFERROR(B8/C8,0) -> 13596.7 | I8: =IFERROR(B8/E8,0) -> 7.6923077
A9: Noviembre 2025 | B9: 25601200 | C9: 1846 | D9: 59980 | E9: 3072144 | F9: =IFERROR(C9/D9,0) -> 0.030776926 | G9: =IFERROR(E9/B9,0) -> 0.12 | H9: =IFERROR(B9/C9,0) -> 13868.472 | I9: =IFERROR(B9/E9,0) -> 8.3333333
A10: Total / promedio del período | B10: =SUM(B4:B9) -> 132267670 | C10: =SUM(C4:C9) -> 9839 | D10: =SUM(D4:D9) -> 325210 | E10: =SUM(E4:E9) -> 23329745 | F10: =IFERROR(C10/D10,0) -> 0.030254297 | G10: =IFERROR(E10/B10,0) -> 0.17638282 | H10: =IFERROR(B10/C10,0) -> 13443.203 | I10: =IFERROR(B10/E10,0) -> 5.6694863
A12: Notas y supuestos:
A13: • Los datos en azul vienen de ventas.csv (ventas y publicidad en pesos argentinos).
A14: • Conversión = unidades vendidas ÷ visitas. Se usan unidades porque el archivo no trae cantidad de órdenes; si una orden tiene varias unidades, la conversión real por orden es algo menor.
A15: • ACOS = inversión en publicidad ÷ ventas. Cuanto más bajo, mejor: es cuánto de cada $100 vendidos se gasta en publicidad.
A16: • ROAS = ventas ÷ publicidad (inversa del ACOS). Ticket promedio = ventas ÷ unidades.
